MOTU_ID,reads,prop,Organism,% Pairwise Identity,Accession,Bit-Score,E Value,Query coverage,Length,Grade,Sequence
MOTU01,258,0.58,Chondria tumulosa,100.00%,MT039601,161.786,1.02E-35,93.68%,89,96.80%,GCCGTGAATCGTTCTATTGCTGCAACTGGAGAAGTAAAAGGTCATTACATGAACGTAACAGCAGCAACTATGGAGAATATGTACGAAAG
MOTU02,166,0.37,Chondria tumulosa,100.00%,MT039601,154.573,1.25E-33,100.00%,85,100.00%,TCTTTCGTACATATTCTCCATAGTTGCTGCTGTTACGTTCATGTAATGACCTTTTACTTCTCCAGTTGCAGCAATAGAACGATTC
MOTU03,4,0.01,Chondria tumulosa,100.00%,MT039601,143.752,2.40E-30,89.77%,79,94.90%,TGCTGCAACTGGAGAAGTAAAAGGTCATTACATGAACGTAACAGCAGCAACTATGGAGAATATGTACGAAAGAGCTGAA
MOTU04,1,0,Escherichia coli,99.30%,CP165035,238.429,2.72E-58,99.26%,134,99.30%,GCTTTAGCAAGATTTTCCCTGTATTGCTGAAATGTGATTTCTCTTGATTTCAACCTATCATAGGACGTTTCTATAAGATGCGTGTTTCTTGAGAATTTAACATTTACAACCTTTTTAAGTCCTTTTATTAACAC
MOTU05,1,0,Chondria tumulosa,97.70%,MT039601,149.163,8.84E-32,74.36%,87,86.00%,AGCTCTTTCGTACATATTCTCCATAGTTGCTGCTGTTACGTTCATGTAATGACCTTTTACTTCTCCAGTTGCAGCAATAGAACGATT
MOTU06,1,0,Chondria tumulosa,100.00%,MT039601,118.505,1.44E-22,57.02%,65,78.10%,TCGTTCTATTGCTGCAACTGGAGAAGTAAAAGGTCATTACATGAACGTAACAGCAGCAACTATGG
MOTU07,1,0,Klebsiella quasipneumoniae,87.10%,CP092122,175.311,2.75E-39,100.00%,149,93.50%,TCAGTTACGTATTGCTGCCATCAGATTGTGTTTGTTAGTCGCTTTTTTTTTTGGAATTTTTTTTTTGGAATTTTTTTTTTGCGCTAACAACCTCCTGCCGTTTTGCCCGTGCATATCGGTCACGAACAAATCTGATTACTAAACACAGT
MOTU08,1,0,Chondria tumulosa,95.30%,MT039601,126.62,1.22E-24,58.96%,79,77.10%,TCGTACATATTCTCCATAGTTGCTGCTGTTACGTTCATGTAATGACCTTTTACTTCTCCAGTTGCAGCAATAGAACGAT
MOTU09,1,0,Chondria tumulosa,96.30%,MT039601,131.129,2.52E-26,64.75%,81,80.50%,TTCAGCTCTTTCGTACATATTCTCCATAGTTGCTGCTGTTACGTTCATGTAATGACCTTTTACTTCTCCAGTTGCAGCAAT
MOTU10,1,0,Chondria tumulosa,88.50%,MT039601,119.407,1.59E-22,81.97%,96,84.80%,TTCAGCTCTTTCG-TACATATTCTCC-ATAGTTGCTGCTGTTACGTTCATGTAATGACCTTTTACTTCTCCAGTTGCAGCAAT--AGAACGATTCACGGC
MOTU11,1,0,Chondria tumulosa,94.00%,MT039601,92.3564,2.11E-14,51.69%,62,47.80%,TGCAACTGGAGAAGTAAAAGGTCATTACATGAACGTAACAGCAGCAACTATGGAGAATATGT
MOTU12,1,0,Chondria tumulosa,96.70%,MT039601,131.129,2.31E-26,71.30%,82,84.00%,GCTCTTT-CGTACATATTCTCCATAGTTGCTGCTGTTACGTTCATGTAATGACCTTTTACTTCTCCAGTTGCAGCAATAGAAC
MOTU13,1,0,Laurencia caduciramulosa,87.80%,KJ700867,101.373,3.92E-17,68.70%,82,53.30%,ACATATCTTCCATTGTTGCTGCCGTAACATTCATGTAATGCCCTTTCACTTCGCCTGTGGCAGCAATAGAACGATTCACAGC
MOTU14,1,0,Chondria tumulosa,94.50%,MT039601,139.244,1.46E-28,81.82%,91,88.20%,CAATGGAAGCCGTGAATCGTTCTATTGCTGCAACTGGAGAAGTAAAAGGTCATTACATGAACGTAACAGCAGCAACTATGGAGAATATGTA
MOTU15,1,0,Chondria tumulosa,97.60%,MT039606,140.146,3.89E-29,78.10%,82,87.80%,ACGTGAATCGTTCTATTGCTGCAACTGGAGAAGTAAAAGGTCATTACATGAACGTAACAGCAGCAACTATGGAGAATATGTA
MOTU16,1,0,Chondria tumulosa,97.20%,MT039601,116.702,4.44E-22,66.67%,71,80.80%,CATATTCTCCATAGTTGCTGCTGTTACGTTCATGTAATGACCTTTT-ACTTCTCCAGTTGCAGCAATAGAAC
MOTU17,1,0,Chondria tumulosa,92.80%,MT039601,124.817,2.51E-24,81.91%,83,87.30%,GCCGTGAATCGTTCTATTGCTGCAACTGGAGAAGTAAAAGGTCATTACATGAACGTAACAGCAGCAACTATGGAGAATATGTA
MOTU18,1,0,Salmonella enterica,99.50%,CP193651,264.578,2.19E-66,100.00%,148,99.70%,AACTAGGCGATAATGGCGCACATCGTTGCGTCGATTACTGTTTTTGTAAACGCACCGCCATTATATCTGCCGCGAAGGTACGCCATTGCAAACGCAAGGATTGCCCCGATGCCTTGTTCCTTTGCCGCGAGAATGGCGGCCAACAGGT
MOTU19,1,0,Escherichia coli,97.80%,CP077071,223.101,5.93E-54,100.00%,131,98.90%,CAGTTACGTATTGCTGCTTACGGTTCACTACTCACGACGATGTTTTTTT-GGTACCTTTTTT--CACCGGAAAGGACCCGTAAAGTGATAATGATTATCATCTACATATCACAACGTGCGTGGAGGCCATCAAA
MOTU20,1,0,Klebsiella quasipneumoniae,99.40%,CP092122,239.331,7.71E-59,100.00%,134,99.70%,TTCAGTTACGTATTGCTGCCATCAGATTGTGTTTGTTAGTCGCTTTTTTTTTT-GGAATTTTTTTTTTGGAATTTTTTTTTTGCGCTAACAACCTCCTGCCGTTTTGCCCGTGCATATCGGTCACGAACAAATCT
MOTU21,1,0,Escherichia coli,95.00%,CP169307,157.278,4.69E-34,100.00%,97,97.50%,TTTGCTGGGTTTCTGTTTTAACAACATTTTCTGCGCCGCCACAAATTTTGGCTGCATCGACAGTTTTCTTCTGCCC---AATTCCAGAAACGAAGAAATG
